technique,experiment_time_seconds,@1,@1%,@3,@3%,@5,@5%,@10,@10%,exam_score,java_exam_score,cumulative_distance,sv_comp_overall_score
Tarantula,597,78,58.65,112,84.21,121,90.98,130,97.74,0.0421,0.0374,,
Ochiai,597,80,60.15,115,86.47,123,92.48,130,97.74,0.0412,0.0364,,
DStar,597,80,60.15,115,86.47,123,92.48,130,97.74,0.0412,0.0364,,
Metallaxis,15849,75,56.39,109,81.95,116,87.22,122,91.73,0.0729,0.0364,,
Muse,15849,63,47.37,102,76.69,113,84.96,116,87.22,0.0796,0.0437,,
PS,9881,17,12.78,23,17.29,28,21.05,37,27.82,0.4147,0.0234,,
ST,2,38,28.57,43,32.33,47,35.34,54,40.6,0.3372,0.0288,,
SBFL,597.0,79.33333333333333,59.65,114.0,85.71666666666665,122.33333333333333,91.98,130.0,97.74,0.0415,0.03673333333333333,,
MBFL,15849.0,69.0,51.879999999999995,105.5,79.32,114.5,86.09,119.0,89.475,0.07625000000000001,0.04005,,
