{
     "httpie": [
          1,
          2,
          3,
          4,
          5
     ],
     "spacy": [
          1,
          2,
          3,
          4,
          5,
          6
     ],
     "tqdm": [
          1,
          2,
          3,
          4,
          5,
          6,
          7,
          8,
          9
     ],
     "tornado": [
          1,
          3,
          4,
          5,
          6,
          8,
          10,
          11,
          12
     ],
     "thefuck": [
          1,
          2,
          3,
          4,
          5,
          6,
          7,
          8,
          9,
          10,
          30,
          24,
          25,
          26,
          18,
          20,
          31
     ],
     "black": [
          1,
          3,
          4,
          6,
          7,
          8,
          10,
          11,
          14,
          15,
          20,
          18,
          22,
          23,
          19
     ],
     "cookiecutter": [
          1,
          2,
          3,
          4
     ],
     "sanic": [
          1,
          3,
          4,
          5
     ],
     "keras": [
          1,
          2,
          3,
          4,
          5,
          6,
          7,
          8,
          9,
          10,
          35,
          24,
          41,
          32,
          31,
          37,
          36
     ],
     "fastapi": [
          1,
          2,
          3,
          4,
          5,
          6,
          7,
          8,
          9,
          10,
          14,
          12,
          15,
          11,
          13,
          16
     ],
     "pandas": [
          1,
          2,
          3,
          4,
          6,
          7,
          8,
          9,
          10,
          11,
          124,
          134,
          122,
          70,
          20,
          146,
          137
     ],
     "youtube-dl": [
          1,
          2,
          3,
          6,
          7,
          13,
          15,
          17,
          18,
          19,
          21,
          36,
          34,
          41,
          24,
          43
     ],
     "NUM_BUGS": 135,
     "TIME_ESTIMATION_HOURS": 336.73333333333335,
     "TIME_ESTIMATION_DAYS": 14.030555555555557,
     "TIME_ESTIMATION_WEEKS": 2.0043650793650793
}