{
     "httpie": [
          1,
          2,
          3,
          4,
          5
     ],
     "spacy": [
          1,
          2,
          3,
          4,
          5,
          6
     ],
     "tqdm": [
          1,
          2,
          3,
          4,
          5,
          6,
          7,
          8,
          9
     ],
     "tornado": [
          1,
          3,
          4,
          5,
          6,
          8,
          10,
          11,
          12
     ],
     "thefuck": [
          2,
          3,
          5,
          7,
          8,
          10,
          13,
          14,
          15,
          17,
          18,
          20,
          21,
          23,
          26,
          28,
          31
     ],
     "black": [
          1,
          3,
          4,
          6,
          7,
          8,
          10,
          11,
          14,
          15,
          18,
          19,
          20,
          22,
          23
     ],
     "cookiecutter": [
          1,
          2,
          3,
          4
     ],
     "sanic": [
          1,
          3,
          4,
          5
     ],
     "keras": [
          4,
          5,
          6,
          7,
          10,
          11,
          13,
          14,
          17,
          19,
          20,
          29,
          30,
          32,
          35,
          36,
          38
     ],
     "fastapi": [
          1,
          2,
          3,
          4,
          5,
          6,
          7,
          8,
          9,
          10,
          11,
          12,
          13,
          14,
          15,
          16
     ],
     "pandas": [
          1,
          3,
          4,
          10,
          16,
          25,
          28,
          42,
          57,
          58,
          67,
          70,
          87,
          105,
          112,
          134,
          142
     ],
     "youtube-dl": [
          2,
          3,
          6,
          7,
          13,
          15,
          18,
          21,
          24,
          25,
          27,
          29,
          31,
          36,
          41,
          43
     ],
     "NUM_BUGS": 135,
     "TIME_ESTIMATION_HOURS": 336.73333333333335,
     "TIME_ESTIMATION_DAYS": 14.030555555555557,
     "TIME_ESTIMATION_WEEKS": 2.0043650793650793
}