{
     "black": [
          1,
          3,
          4,
          6,
          7,
          8,
          10,
          11,
          14,
          15,
          18,
          19,
          20,
          22,
          23
     ],
     "cookiecutter": [
          1,
          2,
          3,
          4
     ],
     "fastapi": [
          1,
          2,
          3,
          4,
          5,
          6,
          7,
          8,
          9,
          10,
          11,
          12,
          13,
          14,
          15,
          16
     ],
     "httpie": [
          1,
          2,
          3,
          4,
          5
     ],
     "keras": [
          1,
          5,
          7,
          8,
          9,
          10,
          14,
          17,
          20,
          24,
          26,
          29,
          30,
          31,
          35,
          42,
          45
     ],
     "pandas": [
          2,
          12,
          23,
          25,
          47,
          54,
          56,
          68,
          74,
          77,
          81,
          116,
          137,
          141,
          143,
          146,
          168
     ],
     "sanic": [
          1,
          3,
          4,
          5
     ],
     "spacy": [
          1,
          2,
          3,
          4,
          5,
          6
     ],
     "thefuck": [
          2,
          3,
          4,
          6,
          7,
          8,
          13,
          14,
          15,
          17,
          19,
          20,
          25,
          26,
          28,
          29
     ],
     "tornado": [
          1,
          3,
          4,
          5,
          6,
          8,
          10,
          11,
          12
     ],
     "tqdm": [
          1,
          2,
          4,
          5,
          6,
          7,
          8,
          9
     ],
     "youtube-dl": [
          1,
          2,
          6,
          7,
          13,
          15,
          17,
          18,
          20,
          21,
          24,
          25,
          31,
          34,
          41,
          43
     ],
     "NUM_BUGS": 133,
     "TIME_ESTIMATION_HOURS": 335.8,
     "TIME_ESTIMATION_DAYS": 13.991666666666667,
     "TIME_ESTIMATION_WEEKS": 1.9988095238095238
}