{
     "black": [
          1,
          3,
          4,
          6,
          7,
          8,
          10,
          11,
          14,
          15,
          18,
          19,
          23
     ],
     "cookiecutter": [
          1,
          2,
          3,
          4
     ],
     "fastapi": [
          1,
          2,
          3,
          4,
          5,
          6,
          7,
          9,
          10,
          11,
          12,
          14,
          16
     ],
     "httpie": [
          2,
          3,
          4,
          5
     ],
     "keras": [
          1,
          3,
          5,
          6,
          7,
          10,
          14,
          17,
          18,
          20,
          26,
          31,
          33,
          34,
          35,
          37,
          40,
          44
     ],
     "pandas": [
          2,
          12,
          23,
          43,
          47,
          54,
          56,
          68,
          72,
          74,
          77,
          81,
          116,
          137,
          141,
          143,
          146,
          168
     ],
     "sanic": [
          1,
          3,
          4
     ],
     "spacy": [
          1,
          2,
          3,
          4,
          5,
          6
     ],
     "thefuck": [
          2,
          3,
          4,
          6,
          7,
          8,
          13,
          14,
          15,
          17,
          19,
          20,
          25,
          26,
          28,
          29
     ],
     "tornado": [
          1,
          4,
          5,
          6,
          8,
          12
     ],
     "tqdm": [
          1,
          2,
          4,
          5,
          6,
          7,
          8,
          9
     ],
     "youtube-dl": [
          1,
          2,
          6,
          7,
          13,
          15,
          17,
          18,
          20,
          21,
          24,
          25,
          31,
          34,
          41,
          43
     ],
     "NUM_BUGS": 125,
     "TIME_ESTIMATION_HOURS": 341.53333333333336,
     "TIME_ESTIMATION_DAYS": 14.230555555555556,
     "TIME_ESTIMATION_WEEKS": 2.0329365079365083
}