{
     "httpie": [
          1,
          2,
          3,
          4,
          5
     ],
     "spacy": [
          1,
          2,
          3,
          4,
          5,
          6
     ],
     "tqdm": [
          1,
          2,
          3,
          4,
          5,
          6,
          7,
          8,
          9
     ],
     "tornado": [
          1,
          3,
          4,
          5,
          6,
          8,
          10,
          11,
          12
     ],
     "thefuck": [
          1,
          2,
          3,
          4,
          5,
          6,
          7,
          8,
          9,
          10,
          13,
          20,
          24,
          25,
          30,
          31,
          32
     ],
     "black": [
          1,
          3,
          4,
          6,
          7,
          8,
          10,
          11,
          14,
          15,
          18,
          19,
          20,
          22,
          23
     ],
     "cookiecutter": [
          1,
          2,
          3,
          4
     ],
     "sanic": [
          1,
          3,
          4,
          5
     ],
     "keras": [
          1,
          2,
          3,
          4,
          5,
          6,
          7,
          8,
          9,
          10,
          13,
          26,
          27,
          30,
          32,
          35,
          45
     ],
     "fastapi": [
          1,
          2,
          3,
          4,
          5,
          6,
          7,
          8,
          9,
          10,
          11,
          12,
          13,
          14,
          15,
          16
     ],
     "pandas": [
          1,
          2,
          3,
          4,
          6,
          7,
          8,
          9,
          10,
          11,
          29,
          32,
          38,
          97,
          122,
          146,
          167
     ],
     "youtube-dl": [
          1,
          2,
          3,
          6,
          7,
          13,
          15,
          17,
          18,
          19,
          20,
          25,
          26,
          29,
          31,
          41
     ],
     "NUM_BUGS": 135,
     "TIME_ESTIMATION_HOURS": 336.73333333333335,
     "TIME_ESTIMATION_DAYS": 14.030555555555557,
     "TIME_ESTIMATION_WEEKS": 2.0043650793650793
}