{
     "httpie": [
          1,
          2,
          3,
          4,
          5
     ],
     "spacy": [
          1,
          2,
          3,
          4,
          5,
          6
     ],
     "tqdm": [
          1,
          2,
          3,
          4,
          5,
          6,
          7,
          8,
          9
     ],
     "tornado": [
          1,
          3,
          4,
          5,
          6,
          8,
          10,
          11,
          12
     ],
     "thefuck": [
          1,
          2,
          3,
          4,
          5,
          6,
          7,
          8,
          9,
          10,
          24,
          25,
          30,
          20,
          31,
          32,
          13
     ],
     "black": [
          1,
          3,
          4,
          6,
          7,
          8,
          10,
          11,
          14,
          15,
          22,
          20,
          18,
          19,
          23
     ],
     "cookiecutter": [
          1,
          2,
          3,
          4
     ],
     "sanic": [
          1,
          3,
          4,
          5
     ],
     "keras": [
          1,
          2,
          3,
          4,
          5,
          6,
          7,
          8,
          9,
          10,
          13,
          32,
          26,
          27,
          30,
          35,
          45
     ],
     "fastapi": [
          1,
          2,
          3,
          4,
          5,
          6,
          7,
          8,
          9,
          10,
          13,
          14,
          12,
          11,
          16,
          15
     ],
     "pandas": [
          1,
          2,
          3,
          4,
          6,
          7,
          8,
          9,
          10,
          11,
          146,
          167,
          38,
          32,
          97,
          29,
          122
     ],
     "youtube-dl": [
          1,
          2,
          3,
          6,
          7,
          13,
          15,
          17,
          18,
          19,
          31,
          25,
          41,
          29,
          26,
          20
     ],
     "NUM_BUGS": 135,
     "TIME_ESTIMATION_HOURS": 336.73333333333335,
     "TIME_ESTIMATION_DAYS": 14.030555555555557,
     "TIME_ESTIMATION_WEEKS": 2.0043650793650793
}