technique,experiment_time_seconds,e_inspect,@1,@1%,@3,@3%,@5,@5%,@10,@10%,exam_score,java_exam_score,cumulative_distance,sv_comp_overall_score
Tarantula,908.287328004837,1265.482922979798,7,14.583333333333334,15,31.25,20,41.66666666666667,25,52.083333333333336,0.05032929815237283,0.0025926420889772154,143.55054729043727,-2.287246078755411
Ochiai,908.287328004837,1257.8683396464646,7,14.583333333333334,15,31.25,20,41.66666666666667,25,52.083333333333336,0.05027399565947627,0.002530909073650833,134.79112628545678,-1.9314423594968189
DStar,908.287328004837,1256.7225063131314,7,14.583333333333334,15,31.25,20,41.66666666666667,25,52.083333333333336,0.05026490309184917,0.0025207592307182444,130.91716685436148,-1.928789653962937
Metallaxis,18649.06119999786,8305.917817460317,5,10.416666666666668,13,27.083333333333332,15,31.25,17,35.41666666666667,0.173642792748541,0.0008866128556343921,159.9394528744418,-3.0912305228756423
Muse,18649.06119999786,8330.992817460317,1,2.083333333333333,7,14.583333333333334,10,20.833333333333336,14,29.166666666666668,0.17459740487046446,0.0027194681297274116,208.6069721533119,-4.447036346745344
PS,11623.05386239787,16156.753975630849,0,0.0,0,0.0,0,0.0,0,0.0,0.2983889258740639,,6.896947473174109,-9.842802749344806
ST,1.963851273059845,5729.782978595479,0,0.0,5,10.416666666666668,8,16.666666666666664,18,37.5,0.09753872624054577,0.0024227642918444384,99.8503174508282,-3.0451886615144814
SBFL,908.287328004837,1260.0245896464646,7.0,14.583333333333334,15.0,31.25,20.0,41.66666666666667,25.0,52.083333333333336,0.05028939896789942,0.002548103464448764,136.41961347675183,-2.0491593640717225
MBFL,18649.06119999786,8318.455317460317,3.0,6.25,10.0,20.833333333333332,12.5,26.041666666666668,15.5,32.29166666666667,0.17412009880950274,0.0018030404926809018,184.27321251387684,-3.7691334348104935
