technique,experiment_time_seconds,e_inspect,@1,@1%,@3,@3%,@5,@5%,@10,@10%,exam_score,java_exam_score,cumulative_distance,sv_comp_overall_score
Tarantula,528.4889450759104,533.3569125699262,9,12.32876712328767,26,35.61643835616438,36,49.31506849315068,41,56.16438356164384,0.008970991586882299,0.00426715816101389,96.70149080776146,-1.3185587557377685
Ochiai,528.4889450759104,529.5754818241118,9,12.32876712328767,26,35.61643835616438,36,49.31506849315068,41,56.16438356164384,0.00894196033751454,0.004237723699849355,96.79013586509058,-1.2505652228657211
DStar,528.4889450759104,528.9453448378105,8,10.95890410958904,25,34.24657534246575,35,47.94520547945205,41,56.16438356164384,0.008939198478420325,0.004234923481601054,94.42405625038478,-1.3721086493639902
Metallaxis,17981.05830147495,488.2170354759395,12,16.43835616438356,33,45.20547945205479,39,53.42465753424658,49,67.12328767123287,0.008036312356778307,0.003517513861085993,96.86835561967746,-0.8663140306386292
Muse,17981.05830147495,502.7900960478664,8,10.95890410958904,26,35.61643835616438,34,46.57534246575342,42,57.534246575342465,0.006880790327988421,0.0023459429152295815,120.28689478343227,-1.7610993045209635
PS,13086.727503577324,10323.961755304761,4,5.47945205479452,7,9.58904109589041,9,12.32876712328767,9,12.32876712328767,0.20368561208557312,0.00010556862466765817,4.433325763717152,-7.355470464381134
ST,1.8950848252805945,9618.871742364663,0,0.0,3,4.10958904109589,4,5.47945205479452,14,19.17808219178082,0.17595259094346638,0.0006717801545832829,26.739591332881023,-7.3529787988323365
SBFL,528.4889450759104,530.6259130772828,8.666666666666666,11.87214611872146,25.666666666666668,35.15981735159817,35.666666666666664,48.85844748858447,41.0,56.16438356164384,0.008950716800939056,0.004246601780821433,95.97189430774559,-1.3137442093224934
MBFL,17981.05830147495,495.50356576190296,10.0,13.6986301369863,29.5,40.410958904109584,36.5,50.0,45.5,62.32876712328767,0.007458551342383364,0.0029317283881577874,108.57762520155487,-1.3137066675797964
