technique,experiment_time_seconds,e_inspect,@1,@1%,@3,@3%,@5,@5%,@10,@10%,exam_score,java_exam_score,output_length,cumulative_distance,cumulative_distance2,sv_comp_overall_score
Tarantula,37.64030880133311,2081.481265031265,6,20.0,10,33.33333333333333,11,36.666666666666664,14,46.666666666666664,0.05815723168207835,0.005337890808826007,1431.4666666666667,9.187215160881484,2.6315990431080705,-3.929830190246976
Ochiai,37.64030880133311,2081.490894660895,6,20.0,10,33.33333333333333,11,36.666666666666664,14,46.666666666666664,0.05815772931163908,0.005338443730560148,1431.4666666666667,9.196844790511113,2.6504457477019017,-3.948676894840807
DStar,37.64030880133311,2081.490894660895,6,20.0,10,33.33333333333333,11,36.666666666666664,14,46.666666666666664,0.05815772931163908,0.005338443730560148,1431.4666666666667,9.196844790511113,2.6504457477019017,-3.948676894840807
Metallaxis,18693.916752552985,4717.838675213675,4,13.333333333333334,10,33.33333333333333,12,40.0,15,50.0,0.14151827780082132,0.006784306210421347,160.63333333333333,32.40592108583738,7.234639124520237,-3.7860189403403153
Muse,18693.916752552985,4721.166455938697,3,10.0,5,16.666666666666664,5,16.666666666666664,9,30.0,0.13859315361752955,0.002165689078908047,160.63333333333333,13.945892432317322,4.305238537234497,-4.604840694837999
PS,20210.39545794328,7767.90220178467,1,3.3333333333333335,2,6.666666666666667,3,10.0,3,10.0,0.25533442158903913,7.84488638762666e-05,2.1,23.4528805986718,10.152476142901854,-8.285138649583937
ST,0.7383266846338908,8278.660183653612,0,0.0,0,0.0,3,10.0,4,13.333333333333334,0.20856706862705324,0.00278045955163677,12.433333333333334,7.661867443102397,6.873887153820151,-7.820113343777661
SBFL,37.64030880133311,2081.4876847843516,6.0,20.0,10.0,33.33333333333333,11.0,36.666666666666664,14.0,46.666666666666664,0.05815756343511883,0.005338259423315434,1431.4666666666665,9.193634913967903,2.644163512837291,-3.9423946599761965
MBFL,18693.916752552985,4719.502565576186,3.5,11.666666666666668,7.5,24.999999999999996,8.5,28.333333333333332,12.0,40.0,0.14005571570917544,0.004474997644664697,160.63333333333333,23.17590675907735,5.769938830877367,-4.195429817589157
