technique,experiment_time_seconds,e_inspect,@1,@1%,@3,@3%,@5,@5%,@10,@10%,exam_score,java_exam_score,cumulative_distance,sv_comp_overall_score
Tarantula,39,2153,6,20.69,10,34.48,10,34.48,13,44.83,0.0602,0.0055,54.892132754454884,-0.32020427505817733
Ochiai,39,2153,6,20.69,10,34.48,10,34.48,13,44.83,0.0602,0.0055,54.9652515764441,-0.3724420711723112
DStar,39,2153,6,20.69,10,34.48,10,34.48,13,44.83,0.0602,0.0055,54.9652515764441,-0.3724420711723112
Metallaxis,19323,4884,3,10.34,9,31.03,11,37.93,14,48.28,0.1466,0.0072,53.2280039648458,-0.6069899797284706
Muse,19323,4887,3,10.34,5,17.24,5,17.24,8,27.59,0.1435,0.0022,104.54324984446602,-2.0842384578484765
PS,20851,8251,1,3.45,2,6.9,3,10.34,3,10.34,0.2521,0.0001,14.867327204802168,-7.052354656829524
ST,1,8986,0,0.0,0,0.0,3,10.34,4,13.79,0.2208,0.003,10.43834129065624,-7.4790956638408925
SBFL,39.0,2153.0,6.0,20.69,10.0,34.48,10.0,34.48,13.0,44.830000000000005,0.0602,0.0055000000000000005,54.940878635781026,-0.3550294724675999
MBFL,19323.0,4885.5,3.0,10.34,7.0,24.134999999999998,8.0,27.585,11.0,37.935,0.14505,0.0047,78.88562690465591,-1.3456142187884734
