technique,experiment_time_seconds,e_inspect,@1,@1%,@3,@3%,@5,@5%,@10,@10%,exam_score,java_exam_score,cumulative_distance,sv_comp_overall_score
Tarantula,37.64030880133311,2081.481265031265,6,20.0,10,33.33333333333333,11,36.666666666666664,14,46.666666666666664,0.05815723168207835,0.005337890808826007,53.10522060303707,-0.3361680324826546
Ochiai,37.64030880133311,2081.490894660895,6,20.0,10,33.33333333333333,11,36.666666666666664,14,46.666666666666664,0.05815772931163908,0.005338443730560148,53.17590213095998,-0.38666456872631727
DStar,37.64030880133311,2081.490894660895,6,20.0,10,33.33333333333333,11,36.666666666666664,14,46.666666666666664,0.05815772931163908,0.005338443730560148,53.17590213095998,-0.38666456872631727
Metallaxis,18693.916752552985,4720.85931013431,4,13.333333333333334,10,33.33333333333333,12,40.0,15,50.0,0.14167668332395494,0.006784306210421347,51.4537371660176,-0.3200903137375216
Muse,18693.916752552985,4724.187090859332,3,10.0,5,16.666666666666664,5,16.666666666666664,9,30.0,0.13875155914066317,0.002165689078908047,117.36421436399928,-2.359379981904987
PS,20210.39545794328,8179.562010374773,1,3.3333333333333335,2,6.666666666666667,3,10.0,3,10.0,0.2603955991488255,7.84488638762666e-05,14.371749631308763,-7.150609501601874
ST,0.7383266846338908,8687.29425986743,0,0.0,0,0.0,3,10.0,4,13.333333333333334,0.21346974017265066,0.00278045955163677,10.215451768605668,-7.290399539063856
SBFL,37.64030880133311,2081.4876847843516,6.0,20.0,10.0,33.33333333333333,11.0,36.666666666666664,14.0,46.666666666666664,0.05815756343511883,0.005338259423315434,53.15234162165234,-0.3698323899784297
MBFL,18693.916752552985,4722.523200496821,3.5,11.666666666666668,7.5,24.999999999999996,8.5,28.333333333333332,12.0,40.0,0.14021412123230906,0.004474997644664697,84.40897576500845,-1.3397351478212545
