technique,experiment_time_seconds,e_inspect,@1,@1%,@3,@3%,@5,@5%,@10,@10%,exam_score,java_exam_score,cumulative_distance,sv_comp_overall_score
Tarantula,597.0357123138313,1724.4361021601621,16,12.030075187969924,41,30.82706766917293,57,42.857142857142854,72,54.13533834586466,0.048674898336484175,0.0042224516070650895,115.10579858134035,-1.9302495418473578
Ochiai,597.0357123138313,1721.6625850340133,16,12.030075187969924,41,30.82706766917293,57,42.857142857142854,72,54.13533834586466,0.048644141977058374,0.004188076852412692,111.35604235389583,-1.7520104952890363
DStar,597.0357123138313,1721.3167203723592,15,11.278195488721805,40,30.075187969924812,56,42.10526315789473,72,54.13533834586466,0.04864262606943522,0.00418638260271624,110.05736707665127,-1.818722300810643
Metallaxis,15848.902937127235,6924.828687928612,12,9.022556390977442,33,24.81203007518797,39,29.32330827067669,49,36.84210526315789,0.17227474038721347,0.003517513861085993,133.66675502671092,-2.780831130072186
Muse,15848.902937127235,6932.827435460574,8,6.015037593984962,26,19.548872180451127,34,25.563909774436087,42,31.57894736842105,0.17164050649171225,0.0023459429152295815,153.2471844457252,-3.5255250799427853
PS,9881.306935426885,12300.70336196674,4,3.007518796992481,7,5.263157894736842,9,6.7669172932330826,9,6.7669172932330826,0.27829571006411447,0.00010556862466765817,10.456591949057497,-8.155238182434847
ST,1.6124779873324515,10178.704078100944,0,0.0,5,3.7593984962406015,8,6.015037593984962,18,13.533834586466165,0.226458578998103,0.0024227642918444384,36.03620479428386,-7.489992900396202
SBFL,597.0357123138313,1722.4718025221782,15.666666666666666,11.779448621553884,40.666666666666664,30.57644110275689,56.666666666666664,42.60651629072681,72.0,54.13533834586466,0.048653888794325924,0.004198970354064674,112.17306933729583,-1.833660779315679
MBFL,15848.902937127235,6928.828061694593,10.0,7.518796992481202,29.5,22.18045112781955,36.5,27.443609022556387,45.5,34.21052631578947,0.17195762343946286,0.0029317283881577874,143.45696973621807,-3.153178105007486
