technique,experiment_time_seconds,e_inspect,@1,@1%,@3,@3%,@5,@5%,@10,@10%,exam_score,java_exam_score,cumulative_distance,sv_comp_overall_score
Tarantula,521.3613819012771,526.2034407784407,9,12.162162162162163,26,35.13513513513514,37,50.0,42,56.75675675675676,0.008854186103602725,0.004213188676947862,6.1904329692243385,-1.3111267586183637
Ochiai,521.3613819012771,522.4731104481103,9,12.162162162162163,26,35.13513513513514,37,50.0,42,56.75675675675676,0.00882554716841561,0.0041841574275801015,6.538848745350958,-1.2440520572716138
DStar,521.3613819012771,521.8514888264887,8,10.81081081081081,25,33.78378378378378,36,48.64864864864865,42,56.75675675675676,0.008822822631741587,0.004181395568485886,6.700058618409662,-1.36395300503342
Metallaxis,17744.26254855942,481.6330214830214,13,17.56756756756757,34,45.94594594594595,40,54.054054054054056,50,67.56756756756756,0.007928819574336011,0.003470449924030685,13.615790405683967,-0.7456670210863005
Muse,17744.26254855942,496.1240136688412,8,10.81081081081081,26,35.13513513513514,34,45.94594594594595,43,58.108108108108105,0.006798313990211014,0.0023244579620409615,23.465991098019675,-1.8765163625402357
PS,12931.847172882106,10080.62820665193,4,5.405405405405405,7,9.45945945945946,9,12.162162162162163,9,12.162162162162163,0.2043890182994061,0.00010556862466765817,11.77513711547423,-7.391207349997606
ST,1.8779199123382568,9303.613039273052,0,0.0,3,4.054054054054054,4,5.405405405405405,14,18.91891891891892,0.17048376746971602,0.0007175107088746468,7.515157724772739,-7.278175971513812
SBFL,521.3613819012771,523.5093466843465,8.666666666666666,11.711711711711713,25.666666666666668,34.68468468468469,36.666666666666664,49.549549549549546,42.0,56.75675675675675,0.008834185301253307,0.004192913891004616,6.476446777661653,-1.3063772736411325
MBFL,17744.26254855942,488.8785175759313,10.5,14.18918918918919,30.0,40.54054054054055,37.0,50.0,46.5,62.83783783783784,0.007363566782273513,0.0028974539430358234,18.54089075185182,-1.311091691813268
