technique,experiment_time_seconds,@1,@1%,@3,@3%,@5,@5%,@10,@10%,exam_score,cumulative_distance,sv_comp_overall_score
Tarantula,-1,15,12,39,32,51,42,63,52,0.045,122.81083443293991,-1.9635069243441183
Ochiai,-1,15,12,39,32,50,41,64,53,0.045,116.35553590578351,-1.7097186900735384
DStar,-1,14,12,38,31,49,40,63,52,0.045,117.65268907824444,-1.8296096411138068
Metallaxis,-1,11,9,26,21,30,25,37,31,0.175,145.6958113954966,-3.069621676617759
Muse,-1,6,5,21,17,29,24,36,30,0.174,158.44483207901956,-3.887586748529066
PS,-1,4,3,5,4,8,7,8,7,0.276,10.172929338403769,-8.199812637036985
ST,-1,0,0,5,4,6,5,15,12,0.226,37.1217486550082,-7.686258255938228
