Entity,Score
tqdm/_main.py::cast::9::34,0.9090909090909091
tqdm/_main.py::main::117::206,0.9090909090909091
