{
     "@10%": 55.55555555555556, 
     "java_exam": 0.003933670244659881, 
     "python_e_inspect": 1584.1072545561412, 
     "python_exam": 0.051843632951264776, 
     "@10": 75, 
     "@3": 43, 
     "@1": 16, 
     "@1%": 11.851851851851851, 
     "@5": 56, 
     "@5%": 41.48148148148148, 
     "@3%": 31.85185185185185
}