{
     "@10%": 79, 
     "java_exam": 0.015366033282319776, 
     "python_e_inspect": 66.33768656716417, 
     "python_exam": 0.06732166225216196, 
     "@10": 106, 
     "@3": 86, 
     "@1": 60, 
     "@1%": 45, 
     "@5": 98, 
     "@5%": 73, 
     "@3%": 64
}