{
     "@10%": 60.0, 
     "java_exam": 0.0033443617631956917, 
     "python_e_inspect": 1580.3591662658305, 
     "python_exam": 0.05131980318996325, 
     "@10": 81, 
     "@3": 52, 
     "@1": 27, 
     "@1%": 20.0, 
     "@5": 66, 
     "@5%": 48.888888888888886, 
     "@3%": 38.51851851851852
}