{
     "@10%": 98, 
     "java_exam": 0.03584586725015873, 
     "python_e_inspect": 2.0286069651741294, 
     "python_exam": 0.040607562595144565, 
     "@10": 131, 
     "@3": 116, 
     "@1": 86, 
     "@1%": 64, 
     "@5": 124, 
     "@5%": 93, 
     "@3%": 87
}