{
     "@10%": 60, 
     "java_exam": 0.003334477103082592, 
     "python_e_inspect": 1703.4670704916919, 
     "python_exam": 0.04795825817141911, 
     "@10": 81, 
     "@3": 53, 
     "@1": 24, 
     "@1%": 18, 
     "@5": 66, 
     "@5%": 49, 
     "@3%": 40
}