{
     "@10%": 97.77777777777777, 
     "java_exam": 0.03620025132540632, 
     "python_e_inspect": 2.020987654320988, 
     "python_exam": 0.040924049785797854, 
     "@10": 132, 
     "@3": 117, 
     "@1": 87, 
     "@1%": 64.44444444444444, 
     "@5": 125, 
     "@5%": 92.5925925925926, 
     "@3%": 86.66666666666667
}