{
     "@10%": 52, 
     "java_exam": 0.018620908434973688, 
     "python_e_inspect": -1, 
     "python_exam": -0.0016456639165435224, 
     "@10": 184, 
     "@3": 119, 
     "@1": 69, 
     "@1%": 19, 
     "@5": 149, 
     "@5%": 42, 
     "@3%": 33
}