Entity,Score
black.py,1.0
blib2to3/pgen2/tokenize.py,0.576923076923077
blib2to3/pytree.py,0.5535055350553506
blib2to3/pgen2/driver.py,0.5535055350553506
blib2to3/pgen2/parse.py,0.5319148936170213
