Entity,Score
black.py,0.9090909090909091
blib2to3/pgen2/tokenize.py,0.07633587786259542
blib2to3/pgen2/driver.py,0.06622516556291391
blib2to3/pytree.py,0.04149377593360996
blib2to3/pgen2/parse.py,0.020790020790020788
blackd.py,0.0
