Entity,Score
black.py,0.9090909090909091
blib2to3/pgen2/parse.py,0.4280697349698977
blib2to3/pgen2/tokenize.py,0.19607843137254904
blib2to3/pytree.py,0.1639344262295082
blib2to3/pgen2/driver.py,0.1422838764383311
blackd.py,0.0
