Entity,Score
thefuck/types.py,0.9523809523809523
thefuck/rules/git_add.py,0.9523809523809523
thefuck/specific/git.py,0.4000816578212886
thefuck/utils.py,0.38468791947616665
thefuck/shells/generic.py,0.38468791947616665
