Entity,Score
tornado/ioloop.py,0.06356417261637282
tornado/util.py,0.006881023532039754
