Entity,Score
black.py::5749,1.0
black.py::5747,0.9090909090909091
black.py::5738,0.8264462809917354
black.py::5734,0.7513148009015777
black.py::5714,0.6830134553650705
