Entity,Score
tornado/websocket.py::168,1.0
tornado/websocket.py::155,0.9090909090909091
tornado/httputil.py::834,0.8264462809917354
tornado/http1connection.py::172,0.7513148009015777
tornado/httputil.py::185,0.6830134553650705
tornado/httputil.py::204,0.6209213230591549
tornado/iostream.py::911,0.5644739300537771
tornado/simple_httpclient.py::337,0.5131581182307065
tornado/httpclient.py::480,0.4665073802097331
