Entity,Score
youtube_dl/utils.py::1978,0.7071067811865475
youtube_dl/utils.py::1979,0.7071067811865475
