technique,experiment_time_seconds,@1,@1%,@3,@3%,@5,@5%,@10,@10%,exam_score,java_exam_score,cumulative_distance,sv_comp_overall_score
Tarantula,597,49,36.84,81,60.9,95,71.43,104,78.2,0.0679,0.0158,,
Ochiai,597,51,38.35,82,61.65,96,72.18,105,78.95,0.0679,0.0157,,
DStar,597,50,37.59,82,61.65,96,72.18,106,79.7,0.0679,0.0157,,
Metallaxis,15849,45,33.83,75,56.39,86,64.66,94,70.68,0.1086,0.0136,,
Muse,15849,37,27.82,62,46.62,77,57.89,86,64.66,0.1111,0.0167,,
PS,9881,11,8.27,17,12.78,18,13.53,20,15.04,0.3995,0.0025,,
ST,2,28,21.05,35,26.32,36,27.07,38,28.57,0.3351,0.0046,,
SBFL,597.0,50.0,37.593333333333334,81.66666666666667,61.4,95.66666666666667,71.93,105.0,78.95,0.0679,0.015733333333333332,,
MBFL,15849.0,41.0,30.825,68.5,51.504999999999995,81.5,61.275,90.0,67.67,0.10985,0.01515,,
