{
     "@10%": 99, 
     "java_exam": 0.03364568952184431, 
     "python_e_inspect": 1.8868159203980097, 
     "python_exam": 0.03842380410360859, 
     "@10": 132, 
     "@3": 119, 
     "@1": 93, 
     "@1%": 69, 
     "@5": 124, 
     "@5%": 93, 
     "@3%": 89
}