{
     "@10%": 54, 
     "java_exam": 0.003932506610256996, 
     "python_e_inspect": 1708.9461146647657, 
     "python_exam": 0.04849380698381409, 
     "@10": 73, 
     "@3": 43, 
     "@1": 16, 
     "@1%": 12, 
     "@5": 56, 
     "@5%": 42, 
     "@3%": 32
}