{
     "@10%": 84, 
     "java_exam": 0.013379155389865303, 
     "python_e_inspect": 65.9123134328358, 
     "python_exam": 0.065468231382335, 
     "@10": 113, 
     "@3": 96, 
     "@1": 70, 
     "@1%": 52, 
     "@5": 104, 
     "@5%": 78, 
     "@3%": 72
}