{
     "@10%": 83.70370370370371, 
     "java_exam": 0.012833193698378412, 
     "python_e_inspect": 66.04629629629628, 
     "python_exam": 0.07188516884294091, 
     "@10": 113, 
     "@3": 94, 
     "@1": 71, 
     "@1%": 52.592592592592595, 
     "@5": 104, 
     "@5%": 77.03703703703704, 
     "@3%": 69.62962962962963
}