{
     "@10%": 78.51851851851852, 
     "java_exam": 0.015366033282319778, 
     "python_e_inspect": 66.62407407407406, 
     "python_exam": 0.07423039067992367, 
     "@10": 106, 
     "@3": 86, 
     "@1": 60, 
     "@1%": 44.44444444444444, 
     "@5": 98, 
     "@5%": 72.5925925925926, 
     "@3%": 63.7037037037037
}