{
     "@10%": 40, 
     "java_exam": 0.02646145339076598, 
     "python_e_inspect": -1, 
     "python_exam": -0.0016456639165435224, 
     "@10": 144, 
     "@3": 82, 
     "@1": 37, 
     "@1%": 10, 
     "@5": 107, 
     "@5%": 30, 
     "@3%": 23
}