{
     "@10%": 98.51851851851852, 
     "java_exam": 0.033990342493138946, 
     "python_e_inspect": 1.8728395061728393, 
     "python_exam": 0.03873051064858431, 
     "@10": 133, 
     "@3": 120, 
     "@1": 94, 
     "@1%": 69.62962962962963, 
     "@5": 125, 
     "@5%": 92.5925925925926, 
     "@3%": 88.88888888888889
}