{
     "Statement to function overhead": 92.41772198677063,
     "Statement to module overhead": 0.4140198230743408
}