technique,cumulative_distance
Tarantula,115.54022024138237
Ochiai,111.40106301751618
DStar,109.97359349790028
Metallaxis,137.8216096283383
Muse,156.9883715992974
PS,10.058154927016519
ST,37.1217486550082
