technique,experiment_time_seconds,@1,@1%,@3,@3%,@5,@5%,@10,@10%,exam_score
Tarantula,653.8618789507337,14,11.570247933884298,37,30.57851239669421,53,43.80165289256198,67,55.371900826446286,0.044131605694880005
Ochiai,653.8618789507337,14,11.570247933884298,37,30.57851239669421,53,43.80165289256198,67,55.371900826446286,0.04409767573876052
DStar,653.8618789507337,13,10.743801652892563,36,29.75206611570248,52,42.97520661157025,67,55.371900826446286,0.044096009493191285
Metallaxis,15900.147212670854,9,7.43801652892562,28,23.140495867768596,33,27.27272727272727,42,34.710743801652896,0.17467823815315744
Muse,15900.147212670854,6,4.958677685950414,22,18.181818181818183,30,24.793388429752067,36,29.75206611570248,0.17396505598732345
PS,10715.013936328494,4,3.3057851239669422,6,4.958677685950414,8,6.6115702479338845,8,6.6115702479338845,0.2762377065462433
ST,1.7103111349846707,0,0.0,5,4.132231404958678,6,4.958677685950414,15,12.396694214876034,0.22625386298658534
