technique,experiment_time_seconds,@1,@1%,@3,@3%,@5,@5%,@10,@10%,exam_score
Tarantula,794.2609515390664,42,39.25233644859813,70,65.42056074766354,78,72.89719626168224,87,81.30841121495327,0.05196236916887514
Ochiai,794.2609515390664,44,41.1214953271028,71,66.35514018691589,79,73.83177570093457,88,82.2429906542056,0.051887986020275556
DStar,794.2609515390664,43,40.18691588785047,71,66.35514018691589,79,73.83177570093457,89,83.17757009345794,0.05187026841245823
Metallaxis,13798.187816661055,37,33.63636363636363,64,58.18181818181818,73,66.36363636363637,80,72.72727272727273,0.10947556302618561
Muse,13798.187816661055,30,27.27272727272727,52,47.27272727272727,64,58.18181818181818,72,65.45454545454545,0.11461194369508872
PS,4960.824392648454,10,10.638297872340425,13,13.829787234042554,14,14.893617021276595,15,15.957446808510639,0.38467317708153664
ST,1.481456018843741,15,14.150943396226415,22,20.754716981132077,24,22.641509433962266,26,24.528301886792452,0.33718373611259334
