technique,experiment_time_seconds,@1,@1%,@3,@3%,@5,@5%,@10,@10%,exam_score
Tarantula,662.2385935623105,14,11.76470588235294,35,29.411764705882355,50,42.016806722689076,65,54.621848739495796,0.04491125667678547
Ochiai,662.2385935623105,14,11.76470588235294,35,29.411764705882355,50,42.016806722689076,65,54.621848739495796,0.04487675646930264
DStar,662.2385935623105,13,10.92436974789916,34,28.57142857142857,49,41.17647058823529,65,54.621848739495796,0.04487506221960619
Metallaxis,14997.281470276728,9,7.563025210084033,27,22.689075630252102,32,26.89075630252101,40,33.61344537815126,0.17837129751313502
Muse,14997.281470276728,6,5.042016806722689,22,18.487394957983195,29,24.369747899159663,35,29.411764705882355,0.17758838585082226
PS,10626.083067217116,4,3.389830508474576,6,5.084745762711865,8,6.779661016949152,8,6.779661016949152,0.27378582309036753
ST,1.4742537553493793,0,0.0,4,3.8461538461538463,5,4.807692307692308,11,10.576923076923077,0.24884356139548086
