technique,experiment_time_seconds,@1,@1%,@3,@3%,@5,@5%,@10,@10%,exam_score
Tarantula,653.8618789507337,45,37.1900826446281,75,61.98347107438017,86,71.07438016528926,95,78.51239669421489,0.06413847508096264
Ochiai,653.8618789507337,47,38.84297520661157,76,62.8099173553719,87,71.900826446281,96,79.33884297520662,0.06407269824707705
DStar,653.8618789507337,46,38.01652892561984,76,62.8099173553719,87,71.900826446281,97,80.16528925619835,0.06405703061041215
Metallaxis,15900.147212670854,39,32.231404958677686,68,56.19834710743802,78,64.46280991735537,86,71.07438016528926,0.10268057075877345
Muse,15900.147212670854,32,26.446280991735538,57,47.107438016528924,70,57.85123966942148,78,64.46280991735537,0.10539636102987464
PS,10715.013936328494,11,9.090909090909092,15,12.396694214876034,16,13.223140495867769,17,14.049586776859504,0.3754798612080833
ST,1.7103111349846707,25,20.66115702479339,33,27.27272727272727,34,28.09917355371901,35,28.92561983471074,0.3084195609788471
