Entity,Score
black.py,1.0
blib2to3/pgen2/tokenize.py,0.8508014796547473
blib2to3/pgen2/parse.py,0.6289881494986326
blib2to3/pgen2/driver.py,0.6289881494986326
blib2to3/pytree.py,0.5822784810126582
