Entity,Score
blib2to3/pgen2/driver.py,10.0
black.py,0.47619047619047616
blib2to3/pgen2/tokenize.py,0.04329004329004329
blib2to3/pytree.py,0.03215434083601286
blib2to3/pgen2/parse.py,0.023752969121140142
blackd.py,0.0
