Entity,Score
black.py,1.0
blib2to3/pgen2/tokenize.py,0.7885906040268457
blib2to3/pgen2/driver.py,0.7617504051863857
blib2to3/pytree.py,0.6605762473647224
blib2to3/pgen2/parse.py,0.4878048780487805
blackd.py,0.0
