Entity,Score
black.py,0.4472135954999579
blib2to3/pgen2/tokenize.py,0.22360679774997896
blib2to3/pgen2/parse.py,0.16666666666666666
blib2to3/pytree.py,0.16666666666666666
blib2to3/pgen2/driver.py,0.15811388300841897
