Entity,Score
black.py,0.7071067811865475
blib2to3/pgen2/driver.py,0.3779644730092272
blib2to3/pgen2/tokenize.py,0.21320071635561041
blib2to3/pytree.py,0.20412414523193154
blib2to3/pgen2/parse.py,0.16222142113076254
