Entity,Score
black.py,0.947867298578199
blib2to3/pgen2/tokenize.py,0.7366482504604052
blib2to3/pytree.py,0.6339144215530903
blib2to3/pgen2/driver.py,0.6339144215530903
blib2to3/pgen2/parse.py,0.6024096385542169
