Entity,Score
black.py,10.0
blib2to3/pgen2/tokenize.py,0.09900990099009901
blib2to3/pytree.py,0.0900900900900901
blib2to3/pgen2/driver.py,0.0900900900900901
blib2to3/pgen2/parse.py,0.08264462809917356
