Entity,Score
black.py,0.47619047619047616
blib2to3/pytree.py,0.10989010989010989
blib2to3/pgen2/driver.py,0.0900900900900901
blib2to3/pgen2/tokenize.py,0.04524886877828054
blib2to3/pgen2/parse.py,0.024330900243309
blackd.py,0.0
