Entity,Score
black.py,0.660408825313113
blib2to3/pgen2/tokenize.py,0.19234395973808333
blib2to3/pgen2/driver.py,0.179300619374847
blib2to3/pytree.py,0.1422838764383311
blib2to3/pgen2/parse.py,0.1010309300045079
blackd.py,0.0
