Entity,Score
black.py,0.5458363904912633
blib2to3/pgen2/tokenize.py,0.179300619374847
blib2to3/pytree.py,0.16860699896573406
blib2to3/pgen2/driver.py,0.14084507042253522
blib2to3/pgen2/parse.py,0.1307217833878005
blackd.py,0.0
