Entity,Score
black.py,0.9090909090909091
blib2to3/pgen2/tokenize.py,0.2926865141360691
blib2to3/pytree.py,0.280575614273374
blib2to3/pgen2/driver.py,0.280575614273374
blib2to3/pgen2/parse.py,0.2698653791735173
