Entity,Score
black.py,0.5773502691896258
blib2to3/pgen2/tokenize.py,0.2672612419124244
blib2to3/pytree.py,0.21320071635561041
blib2to3/pgen2/driver.py,0.20851441405707477
blib2to3/pgen2/parse.py,0.20851441405707477
