Entity,Score
black.py,0.5458363904912633
blib2to3/pgen2/tokenize.py,0.3922353493794955
blib2to3/pytree.py,0.1307217833878005
blib2to3/pgen2/driver.py,0.1307217833878005
blib2to3/pgen2/parse.py,0.12251512153098247
blackd.py,0.0
