Entity,Score
black.py,0.7071067811865475
blib2to3/pgen2/driver.py,0.30151134457776363
blib2to3/pgen2/tokenize.py,0.2886751345948129
blib2to3/pytree.py,0.2773500981126146
blib2to3/pgen2/parse.py,0.15075567228888181
