Entity,Score
black.py,0.975609756097561
blib2to3/pytree.py,0.8988764044943821
blib2to3/pgen2/driver.py,0.879120879120879
blib2to3/pgen2/tokenize.py,0.784313725490196
blib2to3/pgen2/parse.py,0.6611570247933884
blackd.py,0.0
