Entity,Score
black.py,0.9197080291970803
blib2to3/pgen2/tokenize.py,0.7608695652173914
blib2to3/pgen2/driver.py,0.6796116504854369
blib2to3/pytree.py,0.6415478615071283
blib2to3/pgen2/parse.py,0.6206896551724138
