Entity,Score
black.py,0.97438237544863
blib2to3/pytree.py,0.9628018054459561
blib2to3/pgen2/tokenize.py,0.08797726862781473
blib2to3/pgen2/driver.py,0.0
blib2to3/pgen2/parse.py,-0.023687529550924208
