Entity,Score
black.py,0.47619047619047616
blib2to3/pgen2/tokenize.py,0.034364261168384876
blib2to3/pytree.py,0.030211480362537763
blib2to3/pgen2/driver.py,0.020790020790020788
blib2to3/pgen2/parse.py,0.017825311942959002
blackd.py,0.0
