Entity,Score
blib2to3/pgen2/driver.py,0.9090909090909091
black.py,0.5458363904912633
blib2to3/pgen2/tokenize.py,0.2000408289106443
blib2to3/pytree.py,0.17370597841489152
blib2to3/pgen2/parse.py,0.15020792101190977
blackd.py,0.0
