Entity,Score
black.py,0.9788867562380038
blib2to3/pgen2/tokenize.py,0.9488372093023255
blib2to3/pytree.py,0.6234718826405868
blib2to3/pgen2/driver.py,0.6234718826405868
blib2to3/pgen2/parse.py,0.5916473317865428
blackd.py,0.0
