Entity,Score
black.py,0.9771309771309771
blib2to3/pgen2/tokenize.py,0.7466243050039715
blib2to3/pytree.py,0.7214121258633922
blib2to3/pgen2/driver.py,0.6403269754768393
blib2to3/pgen2/parse.py,0.6041131105398457
blackd.py,0.0
