Entity,Score
black.py,0.3922353493794955
blib2to3/pgen2/tokenize.py,0.2242706131406358
blib2to3/pgen2/driver.py,0.18547704973666243
blib2to3/pytree.py,0.17109920116817307
blib2to3/pgen2/parse.py,0.1639344262295082
