Entity,Score
black.py,1.0
blib2to3/pgen2/parse.py,0.9548254620123203
blib2to3/pgen2/tokenize.py,0.7788944723618091
blib2to3/pytree.py,0.7072243346007604
blib2to3/pgen2/driver.py,0.6427090532135452
blackd.py,0.0
