Entity,Score
black.py,0.660408825313113
blib2to3/pgen2/driver.py,0.2926865141360691
blib2to3/pytree.py,0.21871615582789292
blib2to3/pgen2/tokenize.py,0.21355767960723396
blib2to3/pgen2/parse.py,0.1596318505651218
