Entity,Score
black.py,0.9090909090909091
blib2to3/pgen2/driver.py,0.09900990099009901
blib2to3/pytree.py,0.05235602094240837
blib2to3/pgen2/tokenize.py,0.04975124378109452
blib2to3/pgen2/parse.py,0.026954177897574122
