Entity,Score
black.py,0.5458363904912633
blib2to3/pgen2/tokenize.py,0.2603043164241559
blib2to3/pytree.py,0.2087501482411746
blib2to3/pgen2/driver.py,0.2087501482411746
blib2to3/pgen2/parse.py,0.19607843137254904
