Entity,Score
black.py,1.0
blib2to3/pgen2/tokenize.py,0.2886751345948129
blib2to3/pgen2/driver.py,0.1796053020267749
blib2to3/pgen2/parse.py,0.16222142113076254
blib2to3/pytree.py,0.14744195615489714
