Entity,Score
black.py,0.19607843137254904
blib2to3/pgen2/tokenize.py,0.055248618784530384
blib2to3/pgen2/driver.py,0.03690036900369004
blib2to3/pytree.py,0.03115264797507788
blib2to3/pgen2/parse.py,0.02849002849002849
