Entity,Score
black.py,1.0
blib2to3/pgen2/tokenize.py,0.30151134457776363
blib2to3/pytree.py,0.30151134457776363
blib2to3/pgen2/driver.py,0.2886751345948129
blib2to3/pgen2/parse.py,0.2773500981126146
