Entity,Score
black.py,1.0
blib2to3/pytree.py,0.6830134553650705
blib2to3/pgen2/tokenize.py,0.6209213230591549
blib2to3/pgen2/driver.py,0.5131581182307065
