Entity,Score
luigi/worker.py,0.8164965809277261
luigi/task.py,0.4364357804719848
luigi/interface.py,0.4082482904638631
luigi/task_register.py,0.24618298195866545
luigi/scheduler.py,0.23094010767585027
luigi/configuration.py,0.22645540682891913
luigi/parameter.py,0.12991396049232617
luigi/notifications.py,0.0
