Entity,Score
luigi/scheduler.py,0.9863812243932971
luigi/parameter.py,-5.4475102426811345e-05
luigi/task_register.py,-0.00010895020485362269
luigi/task.py,-0.0030506057359014353
luigi/configuration.py,-0.016015680113482537
