Entity,Score
luigi/task.py,0.7071067811865475
luigi/task_register.py,0.7071067811865475
luigi/parameter.py,0.4082482904638631
