Entity,Score
sanic/response.py,0.9090909090909091
sanic/handlers.py,0.9090909090909091
sanic/config.py,0.9090909090909091
sanic/request.py,0.5458363904912633
sanic/app.py,0.5458363904912633
sanic/router.py,0.23679256183741382
sanic/testing.py,0.13677827564777803
sanic/server.py,0.1206949212102172
sanic/helpers.py,0.11981484411288898
sanic/headers.py,0.11491181601625391
sanic/exceptions.py,0.09160316117951933
sanic/cookies.py,0.0
sanic/blueprints.py,0.0
sanic/asgi.py,0.0
