Entity,Score
thefuck/types.py,0.9523809523809523
thefuck/rules/dirty_unzip.py,0.6829604817887834
thefuck/utils.py,0.48780487804878053
thefuck/shells.py,0.48780487804878053
