Entity,Score
thefuck/types.py,0.9090909090909091
thefuck/utils.py,0.5458363904912633
thefuck/rules/php_s.py,0.5458363904912633
thefuck/shells/generic.py,0.47619047619047616
