Entity,Score
tqdm/_tqdm.py,0.660408825313113
tqdm/_utils.py,0.21871615582789292
