Entity,Score
tqdm/_tqdm.py,0.7071067811865475
tqdm/_utils.py,0.22360679774997896
