Entity,Score
tqdm/_tqdm.py,0.9090909090909091
tqdm/_utils.py,0.09900990099009901
