Entity,Score
blib2to3/pgen2/driver.py::126,1.0
blib2to3/pgen2/driver.py::125,0.9090909090909091
blib2to3/pgen2/driver.py::124,0.8264462809917354
blib2to3/pgen2/driver.py::138,0.7513148009015777
blib2to3/pgen2/driver.py::136,0.6830134553650705
blib2to3/pgen2/driver.py::134,0.6209213230591549
blib2to3/pgen2/driver.py::73,0.5644739300537771
blib2to3/pgen2/driver.py::58,0.5131581182307065
blib2to3/pgen2/driver.py::51,0.4665073802097331
