Entity,Score
black.py::253,1.0
black.py::3859,0.5773502691896258
black.py::3857,0.5
black.py::246,0.3779644730092272
black.py::245,0.20851441405707477
