Entity,Score
black.py::477,1.0
black.py::541,0.9090909090909091
black.py::537,0.8264462809917354
