Entity,Score
luigi/file.py::90,0.35355339059327373
luigi/file.py::116,0.2886751345948129
luigi/file.py::99,0.07715167498104596
luigi/file.py::124,0.07580980435789034
luigi/file.py::42,0.07580980435789034
luigi/file.py::102,0.07142857142857142
luigi/file.py::157,0.0
luigi/file.py::87,0.0
luigi/format.py::411,0.0
luigi/target.py::279,0.0
