Entity,Score
luigi/task.py::227,0.7071067811865475
luigi/task_register.py::82,0.5
luigi/task_register.py::123,0.11322770341445956
luigi/task.py::224,0.049875466805381644
luigi/task.py::226,0.049875466805381644
luigi/scheduler.py::508,0.04778184825674966
luigi/task.py::212,0.04662524041201569
luigi/task.py::183,0.046225016352102424
luigi/task.py::186,0.046225016352102424
luigi/task.py::191,0.04612656040144425
luigi/task.py::185,0.04602873089491617
