Entity,Score
spacy/errors.py::620,1.0
spacy/analysis.py::36,0.9090909090909091
spacy/analysis.py::34,0.8264462809917354
spacy/language.py::405,0.7513148009015777
