Entity,Score
tornado/ioloop.py::1174,0.0553001263609331
tornado/ioloop.py::1220,0.0553001263609331
tornado/ioloop.py::1221,0.0553001263609331
tornado/ioloop.py::1222,0.0553001263609331
tornado/ioloop.py::1223,0.0553001263609331
tornado/ioloop.py::1177,0.0
