Entity,Score
tqdm/_tqdm.py::855,1.0
tqdm/_tqdm.py::736,0.702712746191007
tqdm/_monitor.py::33,0.0
tqdm/_monitor.py::35,0.0
tqdm/_monitor.py::42,0.0
tqdm/_tqdm.py::403,0.0
tqdm/_tqdm.py::853,0.0
tqdm/_tqdm.py::98,0.0
tqdm/_tqdm.py::854,-0.0033782642478294655
tqdm/_tqdm.py::408,-0.004504352330439288
tqdm/_tqdm.py::884,-0.004504352330439288
tqdm/_tqdm.py::425,-0.0360348186435143
tqdm/_tqdm.py::733,-0.177021046586264
tqdm/_tqdm.py::730,-0.18918279787845008
tqdm/_tqdm.py::401,-0.29728725380899296
