Entity,Score
youtube_dl/utils.py::2026,0.7071067811865475
youtube_dl/utils.py::2027,0.7071067811865475
youtube_dl/utils.py::2029,0.7071067811865475
youtube_dl/utils.py::2032,0.7071067811865475
youtube_dl/utils.py::2038,0.7071067811865475
youtube_dl/utils.py::2045,0.7071067811865475
youtube_dl/utils.py::2047,0.7071067811865475
youtube_dl/utils.py::2048,0.7071067811865475
youtube_dl/utils.py::2049,0.7071067811865475
youtube_dl/utils.py::2051,0.7071067811865475
youtube_dl/utils.py::2041,0.0
